{
  "easy": {
    "name": "Easy\n(Pick up blue pyramid)",
    "timesteps": 2000000,
    "num_envs": 8192,
    "num_steps": 16,
    "evolved": {
      "success_rate": 1.0,
      "final_return": 10.684249877929688,
      "final_length": 11.90000057220459,
      "training_time": 51.555737018585205,
      "success_curve": [
        0.4124999940395355,
        0.4375,
        0.9375,
        1.0,
        1.0,
        1.0,
        1.0,
        1.0,
        0.987500011920929,
        1.0,
        1.0,
        1.0,
        1.0,
        1.0,
        1.0
      ]
    },
    "sparse": {
      "success_rate": 0.36,
      "final_return": 0.3141203820705414,
      "final_length": 171.35000610351562,
      "training_time": 31.20250654220581,
      "success_curve": [
        0.45000001788139343,
        0.42500001192092896,
        0.32500001788139343,
        0.48750001192092896,
        0.5375000238418579,
        0.5625,
        0.6000000238418579,
        0.6000000238418579,
        0.5625,
        0.4749999940395355,
        0.5250000357627869,
        0.512499988079071,
        0.637499988079071,
        0.6000000238418579,
        0.48750001192092896
      ]
    }
  },
  "medium": {
    "name": "Medium\n(Place pyramid near square)",
    "timesteps": 5000000,
    "num_envs": 8192,
    "num_steps": 16,
    "evolved": {
      "success_rate": 0.84,
      "final_return": 35.239864349365234,
      "final_length": 49.16250228881836,
      "training_time": 52.68040418624878,
      "success_curve": [
        0.07500000298023224,
        0.08749999850988388,
        0.13750000298023224,
        0.25,
        0.4375,
        0.675000011920929,
        0.8125,
        0.925000011920929,
        1.0,
        0.987500011920929,
        0.987500011920929,
        1.0,
        1.0,
        1.0,
        1.0,
        1.0,
        1.0,
        1.0,
        1.0,
        1.0,
        0.987500011920929,
        1.0,
        1.0,
        1.0,
        1.0,
        1.0,
        1.0,
        1.0,
        1.0,
        1.0,
        1.0,
        1.0,
        1.0,
        1.0,
        1.0,
        1.0,
        0.9750000238418579,
        1.0
      ]
    },
    "sparse": {
      "success_rate": 0.0,
      "final_return": 0.06287037581205368,
      "final_length": 228.72500610351562,
      "training_time": 30.481871128082275,
      "success_curve": [
        0.125,
        0.10000000149011612,
        0.10000000149011612,
        0.07500000298023224,
        0.0625,
        0.07500000298023224,
        0.02500000037252903,
        0.0625,
        0.0625,
        0.03750000149011612,
        0.0625,
        0.02500000037252903,
        0.0625,
        0.08749999850988388,
        0.07500000298023224,
        0.0625,
        0.125,
        0.125,
        0.08749999850988388,
        0.0625,
        0.05000000074505806,
        0.0625,
        0.05000000074505806,
        0.0625,
        0.05000000074505806,
        0.125,
        0.05000000074505806,
        0.13750000298023224,
        0.125,
        0.13750000298023224,
        0.03750000149011612,
        0.07500000298023224,
        0.10000000149011612,
        0.05000000074505806,
        0.10000000149011612,
        0.125,
        0.03750000149011612,
        0.10000000149011612
      ]
    }
  },
  "hard": {
    "name": "Hard\n(Rule chain + placement)",
    "timesteps": 10000000,
    "num_envs": 8192,
    "num_steps": 16,
    "evolved": {
      "success_rate": 0.24,
      "final_return": 223.2946319580078,
      "final_length": 415.8000183105469,
      "training_time": 78.1588499546051,
      "success_curve": [
        0.05000000074505806,
        0.02500000037252903,
        0.02500000037252903,
        0.02500000037252903,
        0.0,
        0.0625,
        0.11250000447034836,
        0.125,
        0.26250001788139343,
        0.32500001788139343,
        0.3499999940395355,
        0.48750001192092896,
        0.4749999940395355,
        0.5375000238418579,
        0.5250000357627869,
        0.512499988079071,
        0.5,
        0.625,
        0.6500000357627869,
        0.612500011920929,
        0.6000000238418579,
        0.6500000357627869,
        0.7875000238418579,
        0.625,
        0.7875000238418579,
        0.737500011920929,
        0.75,
        0.875,
        0.7875000238418579,
        0.8500000238418579,
        0.824999988079071,
        0.875,
        0.762499988079071,
        0.875,
        0.887499988079071,
        0.8500000238418579,
        0.925000011920929,
        0.9000000357627869,
        0.887499988079071,
        0.925000011920929,
        0.949999988079071,
        0.9125000238418579,
        0.9125000238418579,
        0.9625000357627869,
        0.9750000238418579,
        0.9125000238418579,
        0.9625000357627869,
        0.9125000238418579,
        0.949999988079071,
        0.949999988079071,
        0.949999988079071,
        0.9750000238418579,
        0.925000011920929,
        0.9625000357627869,
        0.9375,
        0.925000011920929,
        0.9125000238418579,
        0.9750000238418579,
        0.949999988079071,
        0.949999988079071,
        0.8500000238418579,
        0.9000000357627869,
        0.9125000238418579,
        0.7750000357627869,
        0.762499988079071,
        0.699999988079071,
        0.5625,
        0.4625000059604645,
        0.45000001788139343,
        0.375,
        0.32500001788139343,
        0.4375,
        0.30000001192092896,
        0.3499999940395355,
        0.3125,
        0.32500001788139343
      ]
    },
    "sparse": {
      "success_rate": 0.0,
      "final_return": 0.0,
      "final_length": 507.0,
      "training_time": 55.367186069488525,
      "success_curve": [
        0.0,
        0.05000000074505806,
        0.012500000186264515,
        0.0,
        0.0,
        0.0,
        0.02500000037252903,
        0.0,
        0.02500000037252903,
        0.0,
        0.012500000186264515,
        0.0,
        0.0,
        0.012500000186264515,
        0.03750000149011612,
        0.0,
        0.0,
        0.012500000186264515,
        0.0,
        0.0,
        0.0,
        0.0,
        0.012500000186264515,
        0.0,
        0.012500000186264515,
        0.0,
        0.012500000186264515,
        0.012500000186264515,
        0.02500000037252903,
        0.012500000186264515,
        0.03750000149011612,
        0.02500000037252903,
        0.012500000186264515,
        0.012500000186264515,
        0.0,
        0.012500000186264515,
        0.02500000037252903,
        0.0,
        0.02500000037252903,
        0.012500000186264515,
        0.012500000186264515,
        0.0,
        0.0,
        0.012500000186264515,
        0.02500000037252903,
        0.012500000186264515,
        0.0,
        0.0,
        0.012500000186264515,
        0.0,
        0.0,
        0.0,
        0.0,
        0.012500000186264515,
        0.02500000037252903,
        0.0,
        0.0,
        0.0,
        0.0,
        0.02500000037252903,
        0.0,
        0.0,
        0.0,
        0.0,
        0.0,
        0.0,
        0.0,
        0.0,
        0.0,
        0.0,
        0.0,
        0.0,
        0.0,
        0.0,
        0.0,
        0.0
      ]
    }
  }
}